id;name;surname;age;account_id;adress
1;Wooden;Checking Account;43;auxiliary firewa;Factors
2;bluetooth;methodology Investment Account wireless;112;Tuna Bulgaria ma;hacking
3;Quality;Peso Uruguayo Uruguay Peso en Unidades Indexadas;78;JBOD proactive H;high-level Brooks Functionality
4;South Carolina;Personal Loan Account;13;secured line wor;deposit grey
5;withdrawal Fantastic Cotton Soap Chicken;architect;7;parsing Croatian;wireless
6;microchip Human;Bolivia Gorgeous;32;SSL matrix mobil;green Fantastic
7;Panama Granite Ergonomic;back up;101;Handmade;Total
8;Bedfordshire quantify Electronics;index real-time Cheese;24;Personal Loan Ac;program
9;Malawi;Rubber Officer Home;81;complexity Manag;Generic
10;Operations Mississippi Division;Saint Helena solution-oriented;105;Valleys Home Loa;Berkshire hybrid copy
