id;client_name;runner_name;method
1;optimize deposit Saint Kitts and Nevis;Developer Credit Card Account Grocery;Generic Steel Bacon
2;Trafficway Cambridgeshire calculating;Crescent Nebraska;Operations violet
3;CSS Granite;Human Berkshire;Venezuela payment
4;deposit Kids;Money Market Account Cotton;sensor connecting
5;harness middleware Agent;Savings Account backing up;optical
6;deposit;supply-chains Handmade;SDD platforms silver
7;generating;Botswana Executive compelling;optical emulation monitoring
8;Wooden budgetary management solutions;Checking Account Accounts;Handmade
9;Representative Specialist;bluetooth Lock;Florida
10;compress Enterprise-wide analyzer;payment Tuna web-enabled;Corporate
